First name,Surname,ID number,Email address,Department
Peter,PAN,1111111,aaabbbccc@exmail.nottingham.ac.uk,
Peter,PAN,1111112,aaabbbccc@exmail.nottingham.ac.uk,
Peter,PAN,1111113,aaabbbccc@exmail.nottingham.ac.uk,
Peter,PAN,1111114,aaabbbccc@exmail.nottingham.ac.uk,
Peter,PAN,1111115,aaabbbccc@exmail.nottingham.ac.uk,
Peter,PAN,1111116,aaabbbccc@exmail.nottingham.ac.uk,
Peter,PAN,1111117,aaabbbccc@exmail.nottingham.ac.uk,
Peter,PAN,1111118,aaabbbccc@exmail.nottingham.ac.uk,
Peter,PAN,1111119,aaabbbccc@exmail.nottingham.ac.uk,
Peter,PAN,1111120,aaabbbccc@exmail.nottingham.ac.uk,
Peter,PAN,1111121,aaabbbccc@exmail.nottingham.ac.uk,
Peter,PAN,1111122,aaabbbccc@exmail.nottingham.ac.uk,
Peter,PAN,1111123,aaabbbccc@exmail.nottingham.ac.uk,
Peter,PAN,1111124,aaabbbccc@exmail.nottingham.ac.uk,
Peter,PAN,1111125,aaabbbccc@exmail.nottingham.ac.uk,
Peter,PAN,1111126,aaabbbccc@exmail.nottingham.ac.uk,
Peter,PAN,1111127,aaabbbccc@exmail.nottingham.ac.uk,
Peter,PAN,1111128,aaabbbccc@exmail.nottingham.ac.uk,
Peter,PAN,1111129,aaabbbccc@exmail.nottingham.ac.uk,
Peter,PAN,1111130,aaabbbccc@exmail.nottingham.ac.uk,
Peter,PAN,1111131,aaabbbccc@exmail.nottingham.ac.uk,
Peter,PAN,1111132,aaabbbccc@exmail.nottingham.ac.uk,
Peter,PAN,1111133,aaabbbccc@exmail.nottingham.ac.uk,
Peter,PAN,1111134,aaabbbccc@exmail.nottingham.ac.uk,
Peter,PAN,1111135,aaabbbccc@exmail.nottingham.ac.uk,
Peter,PAN,1111136,aaabbbccc@exmail.nottingham.ac.uk,
Peter,PAN,1111137,aaabbbccc@exmail.nottingham.ac.uk,
Peter,PAN,1111138,aaabbbccc@exmail.nottingham.ac.uk,
Peter,PAN,1111139,aaabbbccc@exmail.nottingham.ac.uk,
Peter,PAN,1111140,aaabbbccc@exmail.nottingham.ac.uk,
Peter,PAN,1111141,aaabbbccc@exmail.nottingham.ac.uk,
Peter,PAN,1111142,aaabbbccc@exmail.nottingham.ac.uk,
Peter,PAN,1111143,aaabbbccc@exmail.nottingham.ac.uk,
Peter,PAN,1111144,aaabbbccc@exmail.nottingham.ac.uk,
Peter,PAN,1111145,aaabbbccc@exmail.nottingham.ac.uk,
Peter,PAN,1111146,aaabbbccc@exmail.nottingham.ac.uk,
Peter,PAN,1111147,aaabbbccc@exmail.nottingham.ac.uk,
Peter,PAN,1111148,aaabbbccc@exmail.nottingham.ac.uk,
Peter,PAN,1111149,aaabbbccc@exmail.nottingham.ac.uk,
Peter,PAN,1111150,aaabbbccc@exmail.nottingham.ac.uk,
Peter,PAN,1111151,aaabbbccc@exmail.nottingham.ac.uk,
Peter,PAN,1111152,aaabbbccc@exmail.nottingham.ac.uk,
Peter,PAN,1111153,aaabbbccc@exmail.nottingham.ac.uk,
Peter,PAN,1111154,aaabbbccc@exmail.nottingham.ac.uk,
Peter,PAN,1111155,aaabbbccc@exmail.nottingham.ac.uk,
Peter,PAN,1111156,aaabbbccc@exmail.nottingham.ac.uk,
Peter,PAN,1111157,aaabbbccc@exmail.nottingham.ac.uk,
Peter,PAN,1111158,aaabbbccc@exmail.nottingham.ac.uk,
Peter,PAN,1111159,aaabbbccc@exmail.nottingham.ac.uk,
Peter,PAN,1111160,aaabbbccc@exmail.nottingham.ac.uk,
Peter,PAN,1111161,aaabbbccc@exmail.nottingham.ac.uk,
Peter,PAN,1111162,aaabbbccc@exmail.nottingham.ac.uk,
Peter,PAN,1111163,aaabbbccc@exmail.nottingham.ac.uk,
Peter,PAN,1111164,aaabbbccc@exmail.nottingham.ac.uk,
Peter,PAN,1111165,aaabbbccc@exmail.nottingham.ac.uk,
Peter,PAN,1111166,aaabbbccc@exmail.nottingham.ac.uk,
